time_s,mdot_kg_s
0.000,0.000000
60.000,0.000000
120.000,0.000000
180.000,0.000000
240.000,0.000000
300.000,0.000000
360.000,0.000000
420.000,0.000000
480.000,0.000000
540.000,0.000000
600.000,0.000000
660.000,0.000000
720.000,0.000000
780.000,0.000000
840.000,0.000000
900.000,0.000000
960.000,0.000000
1020.000,0.000000
1080.000,0.000000
1140.000,0.000000
1200.000,0.000000
1260.000,0.000000
1320.000,0.000000
1380.000,0.000000
1440.000,0.000000
1500.000,0.000000
1560.000,0.000000
1620.000,0.000000
1680.000,0.000000
1740.000,0.000000
1800.000,0.000000
1860.000,0.000000
1920.000,0.000000
1980.000,0.000000
2040.000,0.000000
2100.000,0.000000
2160.000,0.000000
2220.000,0.000000
2280.000,0.000000
2340.000,0.000000
2400.000,0.000000
2460.000,0.000000
2520.000,0.000000
2580.000,0.000000
2640.000,0.000000
2700.000,0.000000
2760.000,0.000000
2820.000,0.000000
2880.000,0.000000
2940.000,0.000000
3000.000,0.000000
3060.000,0.000000
3120.000,0.000000
3180.000,0.000000
3240.000,0.000000
3300.000,0.000000
3360.000,0.000000
3420.000,0.000000
3480.000,0.000000
3540.000,0.000000
3600.000,0.000000
3660.000,0.000000
3720.000,0.000000
3780.000,0.000000
3840.000,0.000000
3900.000,0.000000
3960.000,0.000000
4020.000,0.000000
4080.000,0.000000
4140.000,0.000000
4200.000,0.000000
4260.000,0.000000
4320.000,0.000000
4380.000,0.000000
4440.000,0.000000
4500.000,0.000000
4560.000,0.000000
4620.000,0.000000
4680.000,0.000000
4740.000,0.000000
4800.000,0.000000
4860.000,0.000000
4920.000,0.000000
4980.000,0.000000
5040.000,0.000000
5100.000,0.000000
5160.000,0.000000
5220.000,0.000000
5280.000,0.000000
5340.000,0.000000
5400.000,0.000000
5460.000,0.000000
5520.000,0.000000
5580.000,0.000000
5640.000,0.000000
5700.000,0.000000
5760.000,0.000000
5820.000,0.000000
5880.000,0.000000
5940.000,0.000000
6000.000,0.000000
6060.000,0.000000
6120.000,0.000000
6180.000,0.000000
6240.000,0.000000
6300.000,0.000000
6360.000,0.000000
6420.000,0.000000
6480.000,0.000000
6540.000,0.000000
6600.000,0.000000
6660.000,0.000000
6720.000,0.000000
6780.000,0.000000
6840.000,0.000000
6900.000,0.000000
6960.000,0.000000
7020.000,0.000000
7080.000,0.000000
7140.000,0.000000
7200.000,0.000000
7260.000,0.000000
7320.000,0.000000
7380.000,0.000000
7440.000,0.000000
7500.000,0.000000
7560.000,0.000000
7620.000,0.000000
7680.000,0.000000
7740.000,0.000000
7800.000,0.000000
7860.000,0.000000
7920.000,0.000000
7980.000,0.000000
8040.000,0.000000
8100.000,0.000000
8160.000,0.000000
8220.000,0.000000
8280.000,0.000000
8340.000,0.000000
8400.000,0.000000
8460.000,0.000000
8520.000,0.000000
8580.000,0.000000
8640.000,0.000000
8700.000,0.000000
8760.000,0.000000
8820.000,0.000000
8880.000,0.000000
8940.000,0.000000
9000.000,0.000000
9060.000,0.000000
9120.000,0.000000
9180.000,0.000000
9240.000,0.000000
9300.000,0.000000
9360.000,0.000000
9420.000,0.000000
9480.000,0.000000
9540.000,0.000000
9600.000,0.000000
9660.000,0.000000
9720.000,0.000000
9780.000,0.000000
9840.000,0.000000
9900.000,0.000000
9960.000,0.000000
10020.000,0.000000
10080.000,0.000000
10140.000,0.000000
10200.000,0.000000
10260.000,0.000000
10320.000,0.000000
10380.000,0.000000
10440.000,0.000000
10500.000,0.000000
10560.000,0.000000
10620.000,0.000000
10680.000,0.000000
10740.000,0.000000
10800.000,0.000000
10860.000,0.000000
10920.000,0.000000
10980.000,0.000000
11040.000,0.000000
11100.000,0.000000
11160.000,0.000000
11220.000,0.000000
11280.000,0.000000
11340.000,0.000000
11400.000,0.000000
11460.000,0.000000
11520.000,0.000000
11580.000,0.000000
11640.000,0.000000
11700.000,0.000000
11760.000,0.000000
11820.000,0.000000
11880.000,0.000000
11940.000,0.000000
12000.000,0.000000
12060.000,0.000000
12120.000,0.000000
12180.000,0.000000
12240.000,0.000000
12300.000,0.000000
12360.000,0.000000
12420.000,0.000000
12480.000,0.000000
12540.000,0.000000
12600.000,0.000000
12660.000,0.000000
12720.000,0.000000
12780.000,0.000000
12840.000,0.000000
12900.000,0.000000
12960.000,0.000000
13020.000,0.000000
13080.000,0.000000
13140.000,0.000000
13200.000,0.000000
13260.000,0.000000
13320.000,0.000000
13380.000,0.000000
13440.000,0.000000
13500.000,0.000000
13560.000,0.000000
13620.000,0.000000
13680.000,0.000000
13740.000,0.000000
13800.000,0.000000
13860.000,0.000000
13920.000,0.000000
13980.000,0.000000
14040.000,0.000000
14100.000,0.000000
14160.000,0.000000
14220.000,0.000000
14280.000,0.000000
14340.000,0.000000
14400.000,0.000000
14460.000,0.000000
14520.000,0.000000
14580.000,0.000000
14640.000,0.000000
14700.000,0.000000
14760.000,0.000000
14820.000,0.000000
14880.000,0.000000
14940.000,0.000000
15000.000,0.000000
15060.000,0.000000
15120.000,0.000000
15180.000,0.000000
15240.000,0.000000
15300.000,0.000000
15360.000,0.000000
15420.000,0.000000
15480.000,0.000000
15540.000,0.000000
15600.000,0.000000
15660.000,0.000000
15720.000,0.000000
15780.000,0.000000
15840.000,0.000000
15900.000,0.000000
15960.000,0.000000
16020.000,0.000000
16080.000,0.000000
16140.000,0.000000
16200.000,0.000000
16260.000,0.000000
16320.000,0.000000
16380.000,0.000000
16440.000,0.000000
16500.000,0.000000
16560.000,0.000000
16620.000,0.000000
16680.000,0.000000
16740.000,0.000000
16800.000,0.000000
16860.000,0.000000
16920.000,0.000000
16980.000,0.000000
17040.000,0.000000
17100.000,0.000000
17160.000,0.000000
17220.000,0.000000
17280.000,0.000000
17340.000,0.000000
17400.000,0.000000
17460.000,0.000000
17520.000,0.000000
17580.000,0.000000
17640.000,0.000000
17700.000,0.000000
17760.000,0.000000
17820.000,0.000000
17880.000,0.000000
17940.000,0.000000
18000.000,0.000000
18060.000,0.000000
18120.000,0.000000
18180.000,0.000000
18240.000,0.000000
18300.000,0.000000
18360.000,0.000000
18420.000,0.000000
18480.000,0.000000
18540.000,0.000000
18600.000,0.000000
18660.000,0.000000
18720.000,0.000000
18780.000,0.000000
18840.000,0.000000
18900.000,0.000000
18960.000,0.000000
19020.000,0.000000
19080.000,0.000000
19140.000,0.000000
19200.000,0.000000
19260.000,0.000000
19320.000,0.000000
19380.000,0.000000
19440.000,0.000000
19500.000,0.000000
19560.000,0.000000
19620.000,0.000000
19680.000,0.000000
19740.000,0.000000
19800.000,0.000000
19860.000,0.000000
19920.000,0.000000
19980.000,0.000000
20040.000,0.000000
20100.000,0.000000
20160.000,0.000000
20220.000,0.000000
20280.000,0.000000
20340.000,0.000000
20400.000,0.000000
20460.000,0.000000
20520.000,0.000000
20580.000,0.000000
20640.000,0.000000
20700.000,0.000000
20760.000,0.000000
20820.000,0.000000
20880.000,0.000000
20940.000,0.000000
21000.000,0.000000
21060.000,0.000000
21120.000,0.000000
21180.000,0.000000
21240.000,0.000000
21300.000,0.000000
21360.000,0.000000
21420.000,0.000000
21480.000,0.000000
21540.000,0.000000
21600.000,0.000000
21660.000,0.000000
21720.000,0.000000
21780.000,0.000000
21840.000,0.000000
21900.000,0.000000
21960.000,0.000000
22020.000,0.000000
22080.000,0.000000
22140.000,0.000000
22200.000,0.000000
22260.000,0.000000
22320.000,0.000000
22380.000,0.000000
22440.000,0.000000
22500.000,0.000000
22560.000,0.000000
22620.000,0.000000
22680.000,0.000000
22740.000,0.000000
22800.000,0.000000
22860.000,0.000000
22920.000,0.000000
22980.000,0.000000
23040.000,0.000000
23100.000,0.000000
23160.000,0.000000
23220.000,0.000000
23280.000,0.000000
23340.000,0.000000
23400.000,0.000000
23460.000,0.000000
23520.000,0.000000
23580.000,0.000000
23640.000,0.000000
23700.000,0.000000
23760.000,0.000000
23820.000,0.000000
23880.000,0.000000
23940.000,0.000000
24000.000,0.000000
24060.000,0.000000
24120.000,0.000000
24180.000,0.000000
24240.000,0.000000
24300.000,0.000000
24360.000,0.000000
24420.000,0.000000
24480.000,0.000000
24540.000,0.000000
24600.000,0.000000
24660.000,0.000000
24720.000,0.000000
24780.000,0.000000
24840.000,0.000000
24900.000,0.000000
24960.000,0.000000
25020.000,0.000000
25080.000,0.000000
25140.000,0.000000
25200.000,0.150000
25260.000,0.150000
25320.000,0.150000
25380.000,0.150000
25440.000,0.150000
25500.000,0.150000
25560.000,0.150000
25620.000,0.150000
25680.000,0.150000
25740.000,0.150000
25800.000,0.150000
25860.000,0.150000
25920.000,0.150000
25980.000,0.150000
26040.000,0.150000
26100.000,0.000000
26160.000,0.000000
26220.000,0.000000
26280.000,0.000000
26340.000,0.000000
26400.000,0.000000
26460.000,0.000000
26520.000,0.000000
26580.000,0.000000
26640.000,0.000000
26700.000,0.000000
26760.000,0.000000
26820.000,0.000000
26880.000,0.000000
26940.000,0.000000
27000.000,0.000000
27060.000,0.000000
27120.000,0.000000
27180.000,0.000000
27240.000,0.000000
27300.000,0.000000
27360.000,0.000000
27420.000,0.000000
27480.000,0.000000
27540.000,0.000000
27600.000,0.000000
27660.000,0.000000
27720.000,0.000000
27780.000,0.000000
27840.000,0.000000
27900.000,0.000000
27960.000,0.000000
28020.000,0.000000
28080.000,0.000000
28140.000,0.000000
28200.000,0.000000
28260.000,0.000000
28320.000,0.000000
28380.000,0.000000
28440.000,0.000000
28500.000,0.000000
28560.000,0.000000
28620.000,0.000000
28680.000,0.000000
28740.000,0.000000
28800.000,0.000000
28860.000,0.000000
28920.000,0.000000
28980.000,0.000000
29040.000,0.000000
29100.000,0.000000
29160.000,0.000000
29220.000,0.000000
29280.000,0.000000
29340.000,0.000000
29400.000,0.000000
29460.000,0.000000
29520.000,0.000000
29580.000,0.000000
29640.000,0.000000
29700.000,0.000000
29760.000,0.000000
29820.000,0.000000
29880.000,0.000000
29940.000,0.000000
30000.000,0.000000
30060.000,0.000000
30120.000,0.000000
30180.000,0.000000
30240.000,0.000000
30300.000,0.000000
30360.000,0.000000
30420.000,0.000000
30480.000,0.000000
30540.000,0.000000
30600.000,0.000000
30660.000,0.000000
30720.000,0.000000
30780.000,0.000000
30840.000,0.000000
30900.000,0.000000
30960.000,0.000000
31020.000,0.000000
31080.000,0.000000
31140.000,0.000000
31200.000,0.000000
31260.000,0.000000
31320.000,0.000000
31380.000,0.000000
31440.000,0.000000
31500.000,0.000000
31560.000,0.000000
31620.000,0.000000
31680.000,0.000000
31740.000,0.000000
31800.000,0.000000
31860.000,0.000000
31920.000,0.000000
31980.000,0.000000
32040.000,0.000000
32100.000,0.000000
32160.000,0.000000
32220.000,0.000000
32280.000,0.000000
32340.000,0.000000
32400.000,0.000000
32460.000,0.000000
32520.000,0.000000
32580.000,0.000000
32640.000,0.000000
32700.000,0.000000
32760.000,0.000000
32820.000,0.000000
32880.000,0.000000
32940.000,0.000000
33000.000,0.000000
33060.000,0.000000
33120.000,0.000000
33180.000,0.000000
33240.000,0.000000
33300.000,0.000000
33360.000,0.000000
33420.000,0.000000
33480.000,0.000000
33540.000,0.000000
33600.000,0.000000
33660.000,0.000000
33720.000,0.000000
33780.000,0.000000
33840.000,0.000000
33900.000,0.000000
33960.000,0.000000
34020.000,0.000000
34080.000,0.000000
34140.000,0.000000
34200.000,0.000000
34260.000,0.000000
34320.000,0.000000
34380.000,0.000000
34440.000,0.000000
34500.000,0.000000
34560.000,0.000000
34620.000,0.000000
34680.000,0.000000
34740.000,0.000000
34800.000,0.000000
34860.000,0.000000
34920.000,0.000000
34980.000,0.000000
35040.000,0.000000
35100.000,0.000000
35160.000,0.000000
35220.000,0.000000
35280.000,0.000000
35340.000,0.000000
35400.000,0.000000
35460.000,0.000000
35520.000,0.000000
35580.000,0.000000
35640.000,0.000000
35700.000,0.000000
35760.000,0.000000
35820.000,0.000000
35880.000,0.000000
35940.000,0.000000
36000.000,0.000000
36060.000,0.000000
36120.000,0.000000
36180.000,0.000000
36240.000,0.000000
36300.000,0.000000
36360.000,0.000000
36420.000,0.000000
36480.000,0.000000
36540.000,0.000000
36600.000,0.000000
36660.000,0.000000
36720.000,0.000000
36780.000,0.000000
36840.000,0.000000
36900.000,0.000000
36960.000,0.000000
37020.000,0.000000
37080.000,0.000000
37140.000,0.000000
37200.000,0.000000
37260.000,0.000000
37320.000,0.000000
37380.000,0.000000
37440.000,0.000000
37500.000,0.000000
37560.000,0.000000
37620.000,0.000000
37680.000,0.000000
37740.000,0.000000
37800.000,0.000000
37860.000,0.000000
37920.000,0.000000
37980.000,0.000000
38040.000,0.000000
38100.000,0.000000
38160.000,0.000000
38220.000,0.000000
38280.000,0.000000
38340.000,0.000000
38400.000,0.000000
38460.000,0.000000
38520.000,0.000000
38580.000,0.000000
38640.000,0.000000
38700.000,0.000000
38760.000,0.000000
38820.000,0.000000
38880.000,0.000000
38940.000,0.000000
39000.000,0.000000
39060.000,0.000000
39120.000,0.000000
39180.000,0.000000
39240.000,0.000000
39300.000,0.000000
39360.000,0.000000
39420.000,0.000000
39480.000,0.000000
39540.000,0.000000
39600.000,0.000000
39660.000,0.000000
39720.000,0.000000
39780.000,0.000000
39840.000,0.000000
39900.000,0.000000
39960.000,0.000000
40020.000,0.000000
40080.000,0.000000
40140.000,0.000000
40200.000,0.000000
40260.000,0.000000
40320.000,0.000000
40380.000,0.000000
40440.000,0.000000
40500.000,0.000000
40560.000,0.000000
40620.000,0.000000
40680.000,0.000000
40740.000,0.000000
40800.000,0.000000
40860.000,0.000000
40920.000,0.000000
40980.000,0.000000
41040.000,0.000000
41100.000,0.000000
41160.000,0.000000
41220.000,0.000000
41280.000,0.000000
41340.000,0.000000
41400.000,0.000000
41460.000,0.000000
41520.000,0.000000
41580.000,0.000000
41640.000,0.000000
41700.000,0.000000
41760.000,0.000000
41820.000,0.000000
41880.000,0.000000
41940.000,0.000000
42000.000,0.000000
42060.000,0.000000
42120.000,0.000000
42180.000,0.000000
42240.000,0.000000
42300.000,0.000000
42360.000,0.000000
42420.000,0.000000
42480.000,0.000000
42540.000,0.000000
42600.000,0.000000
42660.000,0.000000
42720.000,0.000000
42780.000,0.000000
42840.000,0.000000
42900.000,0.000000
42960.000,0.000000
43020.000,0.000000
43080.000,0.000000
43140.000,0.000000
43200.000,0.000000
43260.000,0.000000
43320.000,0.000000
43380.000,0.000000
43440.000,0.000000
43500.000,0.000000
43560.000,0.000000
43620.000,0.000000
43680.000,0.000000
43740.000,0.000000
43800.000,0.000000
43860.000,0.000000
43920.000,0.000000
43980.000,0.000000
44040.000,0.000000
44100.000,0.000000
44160.000,0.000000
44220.000,0.000000
44280.000,0.000000
44340.000,0.000000
44400.000,0.000000
44460.000,0.000000
44520.000,0.000000
44580.000,0.000000
44640.000,0.000000
44700.000,0.000000
44760.000,0.000000
44820.000,0.000000
44880.000,0.000000
44940.000,0.000000
45000.000,0.000000
45060.000,0.000000
45120.000,0.000000
45180.000,0.000000
45240.000,0.000000
45300.000,0.000000
45360.000,0.000000
45420.000,0.000000
45480.000,0.000000
45540.000,0.000000
45600.000,0.000000
45660.000,0.000000
45720.000,0.000000
45780.000,0.000000
45840.000,0.000000
45900.000,0.000000
45960.000,0.000000
46020.000,0.000000
46080.000,0.000000
46140.000,0.000000
46200.000,0.000000
46260.000,0.000000
46320.000,0.000000
46380.000,0.000000
46440.000,0.000000
46500.000,0.000000
46560.000,0.000000
46620.000,0.000000
46680.000,0.000000
46740.000,0.000000
46800.000,0.000000
46860.000,0.000000
46920.000,0.000000
46980.000,0.000000
47040.000,0.000000
47100.000,0.000000
47160.000,0.000000
47220.000,0.000000
47280.000,0.000000
47340.000,0.000000
47400.000,0.000000
47460.000,0.000000
47520.000,0.000000
47580.000,0.000000
47640.000,0.000000
47700.000,0.000000
47760.000,0.000000
47820.000,0.000000
47880.000,0.000000
47940.000,0.000000
48000.000,0.000000
48060.000,0.000000
48120.000,0.000000
48180.000,0.000000
48240.000,0.000000
48300.000,0.000000
48360.000,0.000000
48420.000,0.000000
48480.000,0.000000
48540.000,0.000000
48600.000,0.000000
48660.000,0.000000
48720.000,0.000000
48780.000,0.000000
48840.000,0.000000
48900.000,0.000000
48960.000,0.000000
49020.000,0.000000
49080.000,0.000000
49140.000,0.000000
49200.000,0.000000
49260.000,0.000000
49320.000,0.000000
49380.000,0.000000
49440.000,0.000000
49500.000,0.000000
49560.000,0.000000
49620.000,0.000000
49680.000,0.000000
49740.000,0.000000
49800.000,0.000000
49860.000,0.000000
49920.000,0.000000
49980.000,0.000000
50040.000,0.000000
50100.000,0.000000
50160.000,0.000000
50220.000,0.000000
50280.000,0.000000
50340.000,0.000000
50400.000,0.000000
50460.000,0.000000
50520.000,0.000000
50580.000,0.000000
50640.000,0.000000
50700.000,0.000000
50760.000,0.000000
50820.000,0.000000
50880.000,0.000000
50940.000,0.000000
51000.000,0.000000
51060.000,0.000000
51120.000,0.000000
51180.000,0.000000
51240.000,0.000000
51300.000,0.000000
51360.000,0.000000
51420.000,0.000000
51480.000,0.000000
51540.000,0.000000
51600.000,0.000000
51660.000,0.000000
51720.000,0.000000
51780.000,0.000000
51840.000,0.000000
51900.000,0.000000
51960.000,0.000000
52020.000,0.000000
52080.000,0.000000
52140.000,0.000000
52200.000,0.000000
52260.000,0.000000
52320.000,0.000000
52380.000,0.000000
52440.000,0.000000
52500.000,0.000000
52560.000,0.000000
52620.000,0.000000
52680.000,0.000000
52740.000,0.000000
52800.000,0.000000
52860.000,0.000000
52920.000,0.000000
52980.000,0.000000
53040.000,0.000000
53100.000,0.000000
53160.000,0.000000
53220.000,0.000000
53280.000,0.000000
53340.000,0.000000
53400.000,0.000000
53460.000,0.000000
53520.000,0.000000
53580.000,0.000000
53640.000,0.000000
53700.000,0.000000
53760.000,0.000000
53820.000,0.000000
53880.000,0.000000
53940.000,0.000000
54000.000,0.000000
54060.000,0.000000
54120.000,0.000000
54180.000,0.000000
54240.000,0.000000
54300.000,0.000000
54360.000,0.000000
54420.000,0.000000
54480.000,0.000000
54540.000,0.000000
54600.000,0.000000
54660.000,0.000000
54720.000,0.000000
54780.000,0.000000
54840.000,0.000000
54900.000,0.000000
54960.000,0.000000
55020.000,0.000000
55080.000,0.000000
55140.000,0.000000
55200.000,0.000000
55260.000,0.000000
55320.000,0.000000
55380.000,0.000000
55440.000,0.000000
55500.000,0.000000
55560.000,0.000000
55620.000,0.000000
55680.000,0.000000
55740.000,0.000000
55800.000,0.000000
55860.000,0.000000
55920.000,0.000000
55980.000,0.000000
56040.000,0.000000
56100.000,0.000000
56160.000,0.000000
56220.000,0.000000
56280.000,0.000000
56340.000,0.000000
56400.000,0.000000
56460.000,0.000000
56520.000,0.000000
56580.000,0.000000
56640.000,0.000000
56700.000,0.000000
56760.000,0.000000
56820.000,0.000000
56880.000,0.000000
56940.000,0.000000
57000.000,0.000000
57060.000,0.000000
57120.000,0.000000
57180.000,0.000000
57240.000,0.000000
57300.000,0.000000
57360.000,0.000000
57420.000,0.000000
57480.000,0.000000
57540.000,0.000000
57600.000,0.000000
57660.000,0.000000
57720.000,0.000000
57780.000,0.000000
57840.000,0.000000
57900.000,0.000000
57960.000,0.000000
58020.000,0.000000
58080.000,0.000000
58140.000,0.000000
58200.000,0.000000
58260.000,0.000000
58320.000,0.000000
58380.000,0.000000
58440.000,0.000000
58500.000,0.000000
58560.000,0.000000
58620.000,0.000000
58680.000,0.000000
58740.000,0.000000
58800.000,0.000000
58860.000,0.000000
58920.000,0.000000
58980.000,0.000000
59040.000,0.000000
59100.000,0.000000
59160.000,0.000000
59220.000,0.000000
59280.000,0.000000
59340.000,0.000000
59400.000,0.000000
59460.000,0.000000
59520.000,0.000000
59580.000,0.000000
59640.000,0.000000
59700.000,0.000000
59760.000,0.000000
59820.000,0.000000
59880.000,0.000000
59940.000,0.000000
60000.000,0.000000
60060.000,0.000000
60120.000,0.000000
60180.000,0.000000
60240.000,0.000000
60300.000,0.000000
60360.000,0.000000
60420.000,0.000000
60480.000,0.000000
60540.000,0.000000
60600.000,0.000000
60660.000,0.000000
60720.000,0.000000
60780.000,0.000000
60840.000,0.000000
60900.000,0.000000
60960.000,0.000000
61020.000,0.000000
61080.000,0.000000
61140.000,0.000000
61200.000,0.000000
61260.000,0.000000
61320.000,0.000000
61380.000,0.000000
61440.000,0.000000
61500.000,0.000000
61560.000,0.000000
61620.000,0.000000
61680.000,0.000000
61740.000,0.000000
61800.000,0.000000
61860.000,0.000000
61920.000,0.000000
61980.000,0.000000
62040.000,0.000000
62100.000,0.000000
62160.000,0.000000
62220.000,0.000000
62280.000,0.000000
62340.000,0.000000
62400.000,0.000000
62460.000,0.000000
62520.000,0.000000
62580.000,0.000000
62640.000,0.000000
62700.000,0.000000
62760.000,0.000000
62820.000,0.000000
62880.000,0.000000
62940.000,0.000000
63000.000,0.000000
63060.000,0.000000
63120.000,0.000000
63180.000,0.000000
63240.000,0.000000
63300.000,0.000000
63360.000,0.000000
63420.000,0.000000
63480.000,0.000000
63540.000,0.000000
63600.000,0.000000
63660.000,0.000000
63720.000,0.000000
63780.000,0.000000
63840.000,0.000000
63900.000,0.000000
63960.000,0.000000
64020.000,0.000000
64080.000,0.000000
64140.000,0.000000
64200.000,0.000000
64260.000,0.000000
64320.000,0.000000
64380.000,0.000000
64440.000,0.000000
64500.000,0.000000
64560.000,0.000000
64620.000,0.000000
64680.000,0.000000
64740.000,0.000000
64800.000,0.000000
64860.000,0.000000
64920.000,0.000000
64980.000,0.000000
65040.000,0.000000
65100.000,0.000000
65160.000,0.000000
65220.000,0.000000
65280.000,0.000000
65340.000,0.000000
65400.000,0.000000
65460.000,0.000000
65520.000,0.000000
65580.000,0.000000
65640.000,0.000000
65700.000,0.000000
65760.000,0.000000
65820.000,0.000000
65880.000,0.000000
65940.000,0.000000
66000.000,0.000000
66060.000,0.000000
66120.000,0.000000
66180.000,0.000000
66240.000,0.000000
66300.000,0.000000
66360.000,0.000000
66420.000,0.000000
66480.000,0.000000
66540.000,0.000000
66600.000,0.000000
66660.000,0.000000
66720.000,0.000000
66780.000,0.000000
66840.000,0.000000
66900.000,0.000000
66960.000,0.000000
67020.000,0.000000
67080.000,0.000000
67140.000,0.000000
67200.000,0.000000
67260.000,0.000000
67320.000,0.000000
67380.000,0.000000
67440.000,0.000000
67500.000,0.000000
67560.000,0.000000
67620.000,0.000000
67680.000,0.000000
67740.000,0.000000
67800.000,0.000000
67860.000,0.000000
67920.000,0.000000
67980.000,0.000000
68040.000,0.000000
68100.000,0.000000
68160.000,0.000000
68220.000,0.000000
68280.000,0.000000
68340.000,0.000000
68400.000,0.000000
68460.000,0.000000
68520.000,0.000000
68580.000,0.000000
68640.000,0.000000
68700.000,0.000000
68760.000,0.000000
68820.000,0.000000
68880.000,0.000000
68940.000,0.000000
69000.000,0.000000
69060.000,0.000000
69120.000,0.000000
69180.000,0.000000
69240.000,0.000000
69300.000,0.000000
69360.000,0.000000
69420.000,0.000000
69480.000,0.000000
69540.000,0.000000
69600.000,0.000000
69660.000,0.000000
69720.000,0.000000
69780.000,0.000000
69840.000,0.000000
69900.000,0.000000
69960.000,0.000000
70020.000,0.000000
70080.000,0.000000
70140.000,0.000000
70200.000,0.000000
70260.000,0.000000
70320.000,0.000000
70380.000,0.000000
70440.000,0.000000
70500.000,0.000000
70560.000,0.000000
70620.000,0.000000
70680.000,0.000000
70740.000,0.000000
70800.000,0.000000
70860.000,0.000000
70920.000,0.000000
70980.000,0.000000
71040.000,0.000000
71100.000,0.000000
71160.000,0.000000
71220.000,0.000000
71280.000,0.000000
71340.000,0.000000
71400.000,0.000000
71460.000,0.000000
71520.000,0.000000
71580.000,0.000000
71640.000,0.000000
71700.000,0.000000
71760.000,0.000000
71820.000,0.000000
71880.000,0.000000
71940.000,0.000000
72000.000,0.000000
72060.000,0.000000
72120.000,0.000000
72180.000,0.000000
72240.000,0.000000
72300.000,0.000000
72360.000,0.000000
72420.000,0.000000
72480.000,0.000000
72540.000,0.000000
72600.000,0.000000
72660.000,0.000000
72720.000,0.000000
72780.000,0.000000
72840.000,0.000000
72900.000,0.000000
72960.000,0.000000
73020.000,0.000000
73080.000,0.000000
73140.000,0.000000
73200.000,0.000000
73260.000,0.000000
73320.000,0.000000
73380.000,0.000000
73440.000,0.000000
73500.000,0.000000
73560.000,0.000000
73620.000,0.000000
73680.000,0.000000
73740.000,0.000000
73800.000,0.000000
73860.000,0.000000
73920.000,0.000000
73980.000,0.000000
74040.000,0.000000
74100.000,0.000000
74160.000,0.000000
74220.000,0.000000
74280.000,0.000000
74340.000,0.000000
74400.000,0.000000
74460.000,0.000000
74520.000,0.000000
74580.000,0.000000
74640.000,0.000000
74700.000,0.000000
74760.000,0.000000
74820.000,0.000000
74880.000,0.000000
74940.000,0.000000
75000.000,0.000000
75060.000,0.000000
75120.000,0.000000
75180.000,0.000000
75240.000,0.000000
75300.000,0.000000
75360.000,0.000000
75420.000,0.000000
75480.000,0.000000
75540.000,0.000000
75600.000,0.000000
75660.000,0.000000
75720.000,0.000000
75780.000,0.000000
75840.000,0.000000
75900.000,0.000000
75960.000,0.000000
76020.000,0.000000
76080.000,0.000000
76140.000,0.000000
76200.000,0.000000
76260.000,0.000000
76320.000,0.000000
76380.000,0.000000
76440.000,0.000000
76500.000,0.000000
76560.000,0.000000
76620.000,0.000000
76680.000,0.000000
76740.000,0.000000
76800.000,0.000000
76860.000,0.000000
76920.000,0.000000
76980.000,0.000000
77040.000,0.000000
77100.000,0.000000
77160.000,0.000000
77220.000,0.000000
77280.000,0.000000
77340.000,0.000000
77400.000,0.000000
77460.000,0.000000
77520.000,0.000000
77580.000,0.000000
77640.000,0.000000
77700.000,0.000000
77760.000,0.000000
77820.000,0.000000
77880.000,0.000000
77940.000,0.000000
78000.000,0.000000
78060.000,0.000000
78120.000,0.000000
78180.000,0.000000
78240.000,0.000000
78300.000,0.000000
78360.000,0.000000
78420.000,0.000000
78480.000,0.000000
78540.000,0.000000
78600.000,0.000000
78660.000,0.000000
78720.000,0.000000
78780.000,0.000000
78840.000,0.000000
78900.000,0.000000
78960.000,0.000000
79020.000,0.000000
79080.000,0.000000
79140.000,0.000000
79200.000,0.150000
79260.000,0.150000
79320.000,0.150000
79380.000,0.150000
79440.000,0.150000
79500.000,0.150000
79560.000,0.150000
79620.000,0.150000
79680.000,0.150000
79740.000,0.150000
79800.000,0.150000
79860.000,0.000000
79920.000,0.000000
79980.000,0.000000
80040.000,0.000000
80100.000,0.000000
80160.000,0.000000
80220.000,0.000000
80280.000,0.000000
80340.000,0.000000
80400.000,0.000000
80460.000,0.000000
80520.000,0.000000
80580.000,0.000000
80640.000,0.000000
80700.000,0.000000
80760.000,0.000000
80820.000,0.000000
80880.000,0.000000
80940.000,0.000000
81000.000,0.000000
81060.000,0.000000
81120.000,0.000000
81180.000,0.000000
81240.000,0.000000
81300.000,0.000000
81360.000,0.000000
81420.000,0.000000
81480.000,0.000000
81540.000,0.000000
81600.000,0.000000
81660.000,0.000000
81720.000,0.000000
81780.000,0.000000
81840.000,0.000000
81900.000,0.000000
81960.000,0.000000
82020.000,0.000000
82080.000,0.000000
82140.000,0.000000
82200.000,0.000000
82260.000,0.000000
82320.000,0.000000
82380.000,0.000000
82440.000,0.000000
82500.000,0.000000
82560.000,0.000000
82620.000,0.000000
82680.000,0.000000
82740.000,0.000000
82800.000,0.000000
82860.000,0.000000
82920.000,0.000000
82980.000,0.000000
83040.000,0.000000
83100.000,0.000000
83160.000,0.000000
83220.000,0.000000
83280.000,0.000000
83340.000,0.000000
83400.000,0.000000
83460.000,0.000000
83520.000,0.000000
83580.000,0.000000
83640.000,0.000000
83700.000,0.000000
83760.000,0.000000
83820.000,0.000000
83880.000,0.000000
83940.000,0.000000
84000.000,0.000000
84060.000,0.000000
84120.000,0.000000
84180.000,0.000000
84240.000,0.000000
84300.000,0.000000
84360.000,0.000000
84420.000,0.000000
84480.000,0.000000
84540.000,0.000000
84600.000,0.000000
84660.000,0.000000
84720.000,0.000000
84780.000,0.000000
84840.000,0.000000
84900.000,0.000000
84960.000,0.000000
85020.000,0.000000
85080.000,0.000000
85140.000,0.000000
85200.000,0.000000
85260.000,0.000000
85320.000,0.000000
85380.000,0.000000
85440.000,0.000000
85500.000,0.000000
85560.000,0.000000
85620.000,0.000000
85680.000,0.000000
85740.000,0.000000
85800.000,0.000000
85860.000,0.000000
85920.000,0.000000
85980.000,0.000000
86040.000,0.000000
86100.000,0.000000
86160.000,0.000000
86220.000,0.000000
86280.000,0.000000
86340.000,0.000000
86400.000,0.000000
